{"cameraMode":{"drawMode":0,"name":"Shaded","section":"Shading Mode"},"sceneLighting":false,"audioPlay":false,"sceneViewState":{"showFog":false,"showMaterialUpdate":false,"showSkybox":false,"showFlares":false,"showImageEffects":false,"showParticleSystems":false},"in2DMode":false,"pivot":{"x":3.0760011672973635,"y":0.8999999761581421,"z":0.004206180572509766},"rotation":{"x":-0.08893758058547974,"y":0.8656314015388489,"z":-0.165939062833786,"w":-0.4639681279659271},"size":1.0654575824737549,"orthographic":false}